{"cameraMode":{"drawMode":0,"name":"Shaded","section":"Shading Mode"},"sceneLighting":false,"audioPlay":false,"sceneViewState":{"m_AlwaysRefresh":false,"showFog":true,"showSkybox":false,"showFlares":true,"showImageEffects":true,"showParticleSystems":true,"showVisualEffectGraphs":true,"m_FxEnabled":true},"in2DMode":false,"pivot":{"x":-0.01386117935180664,"y":0.8227677345275879,"z":-3.6270713806152345},"rotation":{"x":-0.045863013714551929,"y":0.31340938806533816,"z":-0.015127286314964295,"w":-0.9484269022941589},"size":1.2665647268295289,"orthographic":false}